<?xml version="1.0" encoding="utf-8" ?> 
<application xmlns="http://ns.adobe.com/air/application/15.0">
	
	<id>au.com.voltic.dragon</id> 
	<versionNumber>1.0</versionNumber> 
	<filename>Dragon</filename> 
	
	<name>Dragon Tale: Acquisition</name> 
	<description></description> 
	<copyright></copyright> 
	
	<initialWindow> 
		<title>Dragon Tale: Acquisition</title> 
		<content>Dragon.swf</content> 
		<systemChrome>standard</systemChrome> 
		<transparent>false</transparent> 
		<visible>true</visible> 
		<minimizable>true</minimizable> 
		<maximizable>false</maximizable> 
		<resizable>false</resizable> 
	</initialWindow> 
	
	<icon>
		<image128x128>main_icon.png</image128x128>
	</icon>
	<!-- 
	More options:
	http://livedocs.adobe.com/flex/3/html/File_formats_1.html#1043413
	-->
</application>